{"cameraMode":{"drawMode":0,"name":"Shaded","section":"Shading Mode"},"sceneLighting":false,"audioPlay":false,"sceneViewState":{"showFog":true,"showMaterialUpdate":false,"showSkybox":false,"showFlares":true,"showImageEffects":true,"showParticleSystems":true},"in2DMode":false,"pivot":{"x":-2.851580858230591,"y":-1.8599538803100587,"z":-3.6832027435302736},"rotation":{"x":-0.0390462651848793,"y":0.9348728656768799,"z":-0.10875410586595535,"w":-0.3356497287750244},"size":2.9660251140594484,"orthographic":false}